<?xml version="1.0" encoding="UTF-8"?>
<beans xmlns="http://www.springframework.org/schema/beans"
	xmlns:xsi="http://www.w3.org/2001/XMLSchema-instance"
	xmlns:context="http://www.springframework.org/schema/context"
	xmlns:util="http://www.springframework.org/schema/util"
	xsi:schemaLocation="http://www.springframework.org/schema/beans http://www.springframework.org/schema/beans/spring-beans.xsd
       http://www.springframework.org/schema/util http://www.springframework.org/schema/util/spring-util-2.0.xsd
	   http://www.springframework.org/schema/context http://www.springframework.org/schema/context/spring-context-3.0.xsd">

 	<context:component-scan base-package="com.d3sq"/>
	<context:annotation-config />

   <bean id="log4jInitialization"
		class="org.springframework.beans.factory.config.MethodInvokingFactoryBean">
		<property name="targetClass" value="org.springframework.util.Log4jConfigurer" />
		<property name="targetMethod" value="initLogging" />
		<property name="arguments">
			<list>
				<value>classpath:log4j-cfg.xml</value>
			</list>
		</property>
	</bean>
	
	<bean id="propertyConfigurer" class="com.d3sq.common.config.CustomConfig">  
        <property name="locations">  
           <list>  
              <value>classpath:db.properties</value>  
              <value>classpath:system.properties</value>
              <value>classpath:auth-rule.properties</value>
              <value>classpath:mail.properties</value>
              <value>classpath:es-config.properties</value>
            </list>  
        </property>  
    </bean>
	    
	
	
</beans>