<?xml version="1.0" encoding="UTF-8"?>
<beans xmlns="http://www.springframework.org/schema/beans"
	xmlns:xsi="http://www.w3.org/2001/XMLSchema-instance"
	xmlns:tx="http://www.springframework.org/schema/tx"
	xmlns:aop="http://www.springframework.org/schema/aop"
	xmlns:context="http://www.springframework.org/schema/context"
	xsi:schemaLocation="http://www.springframework.org/schema/beans http://www.springframework.org/schema/beans/spring-beans.xsd
		http://www.springframework.org/schema/tx http://www.springframework.org/schema/tx/spring-tx-3.0.xsd
		http://www.springframework.org/schema/context http://www.springframework.org/schema/context/spring-context-3.0.xsd
           http://www.springframework.org/schema/aop http://www.springframework.org/schema/aop/spring-aop-3.0.xsd">
	 
	 <bean id="datasourcePool" abstract="true" class="com.alibaba.druid.pool.DruidDataSource" init-method="init" destroy-method="close">
	 	 <property name="initialSize" value="${dbPool.initialSize}" />
	     <property name="minIdle" value="${dbPool.minIdle}" /> 
	     <property name="maxActive" value="${dbPool.maxActive}" />
	
	     <property name="maxWait" value="${dbPool.maxWait}" />
	
	     <property name="timeBetweenEvictionRunsMillis" value="${dbPool.timeBetweenEvictionRunsMillis}" />
	
	     <property name="minEvictableIdleTimeMillis" value="${dbPool.minEvictableIdleTimeMillis}" />
	
	     <property name="validationQuery" value="${dbPool.validationQuery}" />
	     <property name="testWhileIdle" value="${dbPool.testWhileIdle}" />
	     <property name="testOnBorrow" value="${dbPool.testOnBorrow}" />
	     <property name="testOnReturn" value="${dbPool.testOnReturn}" />
	
	     <property name="poolPreparedStatements" value="${dbPool.poolPreparedStatements}" />
	     <property name="maxPoolPreparedStatementPerConnectionSize" value="${dbPool.maxPoolPreparedStatementPerConnectionSize}" />
	
	     <property name="filters" value="${dbPool.filters}" />
	 </bean>
	 
	  <bean id="sysbaseDataSource" parent="datasourcePool">
	     <property name="driverClassName" value="${sysbase.mysql.jdbc.driverClassName}" />
	     <property name="url" value="${sysbase.mysql.jdbc.url}" />
	     <property name="username" value="${sysbase.mysql.jdbc.username}" />
	     <property name="password" value="${sysbase.mysql.jdbc.password}" />
	 </bean>
	 
	  <bean id="shoppingDataSource" parent="datasourcePool">
	     <property name="driverClassName" value="${shopping.mysql.jdbc.driverClassName}" />
	     <property name="url" value="${shopping.mysql.jdbc.url}" />
	     <property name="username" value="${shopping.mysql.jdbc.username}" />
	     <property name="password" value="${shopping.mysql.jdbc.password}" />
	 </bean>
	 
	  <bean id="passportDataSource" parent="datasourcePool">
	     <property name="driverClassName" value="${passport.mysql.jdbc.driverClassName}" />
	     <property name="url" value="${passport.mysql.jdbc.url}" />
	     <property name="username" value="${passport.mysql.jdbc.username}" />
	     <property name="password" value="${passport.mysql.jdbc.password}" />
	 </bean>
	 
	  <bean id="adminDataSource" parent="datasourcePool">
	     <property name="driverClassName" value="${admin.mysql.jdbc.driverClassName}" />
	     <property name="url" value="${admin.mysql.jdbc.url}" />
	     <property name="username" value="${admin.mysql.jdbc.username}" />
	     <property name="password" value="${admin.mysql.jdbc.password}" />
	 </bean>
	 
	 <bean id="snsDataSource" parent="datasourcePool">
	     <property name="driverClassName" value="${sns.mysql.jdbc.driverClassName}" />
	     <property name="url" value="${sns.mysql.jdbc.url}" />
	     <property name="username" value="${sns.mysql.jdbc.username}" />
	     <property name="password" value="${sns.mysql.jdbc.password}" />
	 </bean>
	 
	  <bean id="explorerDataSource" parent="datasourcePool">
	     <property name="driverClassName" value="${explorer.mysql.jdbc.driverClassName}" />
	     <property name="url" value="${explorer.mysql.jdbc.url}" />
	     <property name="username" value="${explorer.mysql.jdbc.username}" />
	     <property name="password" value="${explorer.mysql.jdbc.password}" />
	 </bean>
	 
	 <bean id="expressDataSource" parent="datasourcePool">
	     <property name="driverClassName" value="${express.mysql.jdbc.driverClassName}" />
	     <property name="url" value="${express.mysql.jdbc.url}" />
	     <property name="username" value="${express.mysql.jdbc.username}" />
	     <property name="password" value="${express.mysql.jdbc.password}" />
	 </bean>
	 
	 <bean id="propertyDataSource" parent="datasourcePool">
	     <property name="driverClassName" value="${property.mysql.jdbc.driverClassName}" />
	     <property name="url" value="${property.mysql.jdbc.url}" />
	     <property name="username" value="${property.mysql.jdbc.username}" />
	     <property name="password" value="${property.mysql.jdbc.password}" />
	 </bean>
	 	 
	 <bean id="dynamicDataSource" class="com.d3sq.core.dao.datasource.DynamicDataSource" >
	 	<property name="dataSourceEntry" ref="dynamicDataSourceEntry"></property>
	    <property name="targetDataSources">  
	        <map>  
	            <entry key="sysbase" value-ref="sysbaseDataSource"></entry>
	            <entry key="shopping" value-ref="shoppingDataSource"></entry> 
	            <entry key="passport" value-ref="passportDataSource"></entry> 
	            <entry key="admin" value-ref="adminDataSource"></entry> 
	            <entry key="express" value-ref="expressDataSource"></entry> 
	            <entry key="property" value-ref="propertyDataSource"></entry> 
	            <entry key="sns" value-ref="snsDataSource"></entry> 
	            <entry key="explorer" value-ref="explorerDataSource"></entry> 
	        </map>  
	    </property>  
	    <property name="defaultTargetDataSource" ref="sysbaseDataSource" />  
	</bean>   
	 
</beans>